{
  "rf": {
    "accuracy": 0.9815384615384616,
    "per_class": {
      "nominal": {
        "precision": 0.9854368932038835,
        "recall": 0.9950980392156863,
        "f1-score": 0.9902439024390244,
        "support": 612.0
      },
      "position_jerk": {
        "precision": 1.0,
        "recall": 0.3333333333333333,
        "f1-score": 0.5,
        "support": 3.0
      },
      "self_collision": {
        "precision": 0.9032258064516129,
        "recall": 0.9032258064516129,
        "f1-score": 0.9032258064516129,
        "support": 31.0
      },
      "stuck_joint": {
        "precision": 0.0,
        "recall": 0.0,
        "f1-score": 0.0,
        "support": 3.0
      },
      "velocity_spike": {
        "precision": 0.0,
        "recall": 0.0,
        "f1-score": 0.0,
        "support": 1.0
      },
      "accuracy": 0.9815384615384616,
      "macro avg": {
        "precision": 0.5777325399310993,
        "recall": 0.44633143580012646,
        "f1-score": 0.47869394177812746,
        "support": 650.0
      },
      "weighted avg": {
        "precision": 0.9755190440627334,
        "recall": 0.9815384615384616,
        "f1-score": 0.9777373358348967,
        "support": 650.0
      }
    }
  },
  "lstm": {
    "accuracy": 0.9507692307692308,
    "per_class": {
      "nominal": {
        "precision": 0.9559748427672956,
        "recall": 0.9934640522875817,
        "f1-score": 0.9743589743589743,
        "support": 612.0
      },
      "position_jerk": {
        "precision": 0.0,
        "recall": 0.0,
        "f1-score": 0.0,
        "support": 3.0
      },
      "self_collision": {
        "precision": 0.6923076923076923,
        "recall": 0.2903225806451613,
        "f1-score": 0.4090909090909091,
        "support": 31.0
      },
      "stuck_joint": {
        "precision": 0.0,
        "recall": 0.0,
        "f1-score": 0.0,
        "support": 3.0
      },
      "velocity_spike": {
        "precision": 1.0,
        "recall": 1.0,
        "f1-score": 1.0,
        "support": 1.0
      },
      "accuracy": 0.9507692307692308,
      "macro avg": {
        "precision": 0.5296565070149976,
        "recall": 0.45675732658654855,
        "f1-score": 0.4766899766899767,
        "support": 650.0
      },
      "weighted avg": {
        "precision": 0.9346432957463436,
        "recall": 0.9507692307692308,
        "f1-score": 0.9384454007530929,
        "support": 650.0
      }
    }
  },
  "winner": "rf",
  "model_label": "BiDir MLP (bidirectional context)"
}